Workbook

Sheet 5G물자
A1: 대분류 | B1: 중분류 | C1: 소분류 | D1: 자재코드 | E1: 품명 | F1: 제조사 | G1: 이월_신품 | H1: 이월_구품 | I1: 이월(재고) | J1: 신품 | K1: 구품 | L1: 재고 | M1: 전체
A2: 5G | B2: DUL | C2: AAU10 | D2: 1000063437 | E2: =VLOOKUP(D2,[1]자재마스터!$A:$C,3,0) -> AAU10-3.5G-32T,삼성전자,5G RAN | F2: 삼성전자
A3: 5G | B3: DUL | C3: AAU20 | D3: 1000064890 | E3: =VLOOKUP(D3,[1]자재마스터!$A:$C,3,0) -> AAU20-3.5G-32T,삼성전자,5G RAN | F3: 삼성전자
A4: 5G | B4: DUL | C4: AAU21 | D4: 1000066569 | E4: =VLOOKUP(D4,[1]자재마스터!$A:$C,3,0) -> AAU21-3.5G-32T,삼성전자,5G RAN | F4: 삼성전자
A5: 5G | B5: DUL | C5: AAU20 | D5: 1000067082 | E5: AAU20-3.5G-64T | F5: 삼성전자
A6: 5G | B6: DUL | C6: DAU10 | D6: 1000065297 | E6: =VLOOKUP(D6,[1]자재마스터!$A:$C,3,0) -> DAU10-28G-1024T(SS),삼성전자,5G RAN | F6: 삼성전자
A7: 5G | B7: DUH | C7: DUH10(내) | D7: 1000063406 | E7: =VLOOKUP(D7,[1]자재마스터!$A:$C,3,0) -> DUH-Shelf10,삼성전자,5G RAN | F7: 삼성전자
A8: 5G | B8: DUH | C8: DUH10(내) | D8: 1000063435 | E8: =VLOOKUP(D8,[1]자재마스터!$A:$C,3,0) -> DUH-MP10,삼성전자,5G RAN | F8: 삼성전자
A9: 5G | B9: DUH | C9: DUH10(내) | D9: 1000063436 | E9: =VLOOKUP(D9,[1]자재마스터!$A:$C,3,0) -> DUH-CC10,삼성전자,5G RAN | F9: 삼성전자
A10: 5G | B10: DUH | C10: DUH20(내) | D10: 1000064885 | E10: =VLOOKUP(D10,[1]자재마스터!$A:$C,3,0) -> DUH-Shelf20,삼성전자,5G RAN | F10: 삼성전자
A11: 5G | B11: DUH | C11: DUH20(내) | D11: 1000064886 | E11: =VLOOKUP(D11,[1]자재마스터!$A:$C,3,0) -> DUH-MP20,삼성전자,5G RAN | F11: 삼성전자
A12: 5G | B12: DUH | C12: DUH20(내) | D12: 1000064888 | E12: =VLOOKUP(D12,[1]자재마스터!$A:$C,3,0) -> DUH-CC20,삼성전자,5G RAN | F12: 삼성전자
A13: 5G | B13: DUH | C13: DUH20(외) | D13: 1000064887 | E13: =VLOOKUP(D13,[1]자재마스터!$A:$C,3,0) -> DUH-MP20(외),삼성전자,5G RAN | F13: 삼성전자
A14: 5G | B14: DUH | C14: DUH20(외) | D14: 1000064889 | E14: =VLOOKUP(D14,[1]자재마스터!$A:$C,3,0) -> DUH-CC20(외),삼성전자,5G RAN | F14: 삼성전자
A15: 5G | B15: DUH | C15: DUH20(외) | D15: 1000065169 | E15: =VLOOKUP(D15,[1]자재마스터!$A:$C,3,0) -> DUH-Cabinet(외),삼성전자,5G RAN | F15: 삼성전자
A16: 5G | B16: DUH | C16: DUH20(외) | D16: 1000065170 | E16: =VLOOKUP(D16,[1]자재마스터!$A:$C,3,0) -> DUH-설치자재(외),삼성전자,5G RAN | F16: 삼성전자
A17: 5G | B17: PRU | C17: PRU-3.5G-8T | D17: 1000064248 | E17: =VLOOKUP(D17,[1]자재마스터!$A:$C,3,0) -> PRU10-3.5G-8T,삼성전자,5G RAN | F17: 삼성전자
A18: 5G | B18: PRU | C18: PRU-3.5G-8T | D18: 1000067036 | E18: PRU11-3.5G-8T | F18: 삼성전자
A19: 5G | B19: PRU | C19: RO-PRU-3.5G-4T | D19: 1000064902 | E19: =VLOOKUP(D19,[1]자재마스터!$A:$C,3,0) -> PRU-3.5G-4T/SKTS,SKTS,PRU-3.5G-4T/SKTS | F19: SKTS
A20: 5G | B20: PRU | C20: RO-PRU-3.5G-4T | D20: 1000064758 | E20: =VLOOKUP(D20,[1]자재마스터!$A:$C,3,0) -> PRU-3.5G-4T/ANTS,에이앤티에스,PRU-3.5G-4T/ANTS | F20: ANTS
A21: 5G | B21: PRU | C21: RO-PRU-3.5G-2T | D21: 1000064759 | E21: PRU-3.5G-2T/ANTS,에이앤티에스,PRU-3.5G-2T/ANTS | F21: ANTS
A22: 5G | B22: PRU | C22: RO-PRU-3.5G-2T | D22: 1000064903 | E22: PRU-3.5G-2T/SKTS,SKTS,PRU-3.5G-2T/SKTS | F22: SKTS
A23: 5G | B23: LSH | C23: LS-3.5G | D23: 1000064695 | E23: =VLOOKUP(D23,[1]자재마스터!$A:$C,3,0) -> LS-3.5G-100M,삼성전자,5G | F23: 삼성전자
A24: 5G | B24: 5G 정류기 | C24: Compact 정류기_소 | D24: 1000063300 | E24: =VLOOKUP(D24,[1]자재마스터!$A:$C,3,0) -> 5G 정류기,Compact 48V_1.2kW용 | F24: 행복나래
A25: 5G | B25: 5G 정류기 | C25: Compact 정류기_대 | D25: 1000063371 | E25: =VLOOKUP(D25,[1]자재마스터!$A:$C,3,0) -> 5G 정류기,Compact 48V_2.0kW용 | F25: 행복나래
A26: 5G | B26: 5G 정류기 | C26: Compact 정류기_소 | D26: 1000065250 | E26: =VLOOKUP(D26,[1]자재마스터!$A:$C,3,0) -> 5G 정류기,Compact 48V_1.5kW용 | F26: 행복나래
A27: 5G | B27: 5G 정류기 | C27: Compact 정류기_대 | D27: 1000065296 | E27: =VLOOKUP(D27,[1]자재마스터!$A:$C,3,0) -> 5G 정류기,Compact 48V_2.3kW용 | F27: 행복나래
A28: 5G | B28: 5G 정류기 | C28: 브라켓_소 | D28: 1000065731 | E28: =VLOOKUP(D28,[1]자재마스터!$A:$C,3,0) -> 5G정류기Compact 48C 1.5KW브라켓(개별형) , | F28: 행복나래
A29: 5G | B29: 5G 정류기 | C29: 브라켓_대 | D29: 1000065732 | E29: =VLOOKUP(D29,[1]자재마스터!$A:$C,3,0) -> 5G정류기Compact 48C 2.3kW브라켓(개별형), | F29: 행복나래
A30: 5G | B30: 5G 정류기 | C30: 브라켓_소 | D30: 1000063337 | E30: =VLOOKUP(D30,[1]자재마스터!$A:$C,3,0) -> 5G 정류기,Compact 48C_1.2kW 브라켓(개별형) | F30: 행복나래
A31: 5G | B31: 5G 정류기 | C31: 브라켓_대 | D31: 1000063369 | E31: =VLOOKUP(D31,[1]자재마스터!$A:$C,3,0) -> 5G 정류기,Compact 48C_2.0kW 브라켓(개별형) | F31: 행복나래
A32: 5G | B32: 5G 정류기 | C32: 브라켓_공 | D32: 1000063370 | E32: =VLOOKUP(D32,[1]자재마스터!$A:$C,3,0) -> 5G 정류기,Compact 48C_공용브라켓(적층형) | F32: 행복나래
A33: 5G | B33: Bypass | C33: SMUX-Bypass | D33: 1000064457 | E33: =VLOOKUP(D33,[1]자재마스터!$A:$C,3,0) -> SMUX-Bypass,5G-PON | F33: 썬웨이브
A34: 5G | B34: S-MUX | C34: SMUX-C | D34: 1000064447 | E34: =VLOOKUP(D34,[1]자재마스터!$A:$C,3,0) -> SMUX-C_New,SMUX COT 1290nm(필터형) | F34: 썬웨이브
... A52: 5G | B52: L-MUX | C52: LMUX-R | D52: 1000065543 | E52: =VLOOKUP(D52,[1]자재마스터!$A:$C,3,0) -> LMUX-R,코위버(주),UTRANS-4200L | F52: 코위버
A53: 5G | B53: L-MUX | C53: LMUX-C | D53: 1000066556 | E53: LMUX-C,쏠리드,5G-MUX | F53: 쏠리드
A54: 5G | B54: L-MUX | C54: LMUX-R | D54: 1000066555 | E54: LMUX-R,쏠리드,5G-MUX | F54: 쏠리드
A55: 5G | B55: L-MUX | C55: LMUX-C | D55: 1000065061 | E55: =VLOOKUP(D55,[1]자재마스터!$A:$C,3,0) -> LMUX-C,COT | F55: 인텍이앤씨
A56: 5G | B56: L-MUX | C56: LMUX-R | D56: 1000065062 | E56: =VLOOKUP(D56,[1]자재마스터!$A:$C,3,0) -> LMUX-R,RN | F56: 인텍이앤씨
A57: 5G | B57: L-MUX | C57: LMUX-C | D57: 1000066598 | E57: LMUX-C,(주)인텍이앤씨,LMUX-COT | F57: 인텍이앤씨
A58: 5G | B58: L-MUX | C58: LMUX-R | D58: 1000066599 | E58: LMUX-R,(주)인텍이앤씨,LMUX-RN | F58: 인텍이앤씨
A59: 5G | B59: L-MUX | C59: L-MUX 셀프 | D59: 1000065040 | E59: LMUX-C 셀프(LMUX-C 셀프,5G LMUX) | F59: 인텍이앤씨
A60: 5G | B60: L-MUX | C60: L-MUX 셀프 | D60: 1000063330 | E60: =VLOOKUP(D60,[1]자재마스터!$A:$C,3,0) -> IPS-1U_MUX,HFR,5G PON SMUX | F60: 에치에프알
A61: 5G | B61: L-MUX | C61: LMUX-C | D61: 1000065513 | E61: =VLOOKUP(D61,[1]자재마스터!$A:$C,3,0) -> LMUX-C,HFR,LMUX | F61: 에치에프알
A62: 5G | B62: L-MUX | C62: LMUX-R | D62: 1000065514 | E62: =VLOOKUP(D62,[1]자재마스터!$A:$C,3,0) -> LMUX-R,HFR,LMUX | F62: 에치에프알
A63: 5G | B63: SFP_SMUX | C63: SFP_MUX(1CH)_L | D63: 1000063430 | E63: =VLOOKUP(D63,[1]자재마스터!$A:$C,3,0) -> SFP_DUPLEX16WL-1283.36-10G-DUL,삼성전자,5G RAN | F63: 삼성전자
A64: 5G | B64: SFP_SMUX | C64: SFP_MUX(1CH)_H | D64: 1000063451 | E64: =VLOOKUP(D64,[1]자재마스터!$A:$C,3,0) -> SFP_DUPLEX16WL-1290.82-10G-DUH,삼성전자,5G RAN | F64: 삼성전자
A65: 5G | B65: SFP_SMUX | C65: SFP_MUX(2CH)_L | D65: 1000063452 | E65: =VLOOKUP(D65,[1]자재마스터!$A:$C,3,0) -> SFP_DUPLEX16WL-1284.18-10G-DUL,삼성전자,5G RAN | F65: 삼성전자
A66: 5G | B66: SFP_SMUX | C66: SFP_MUX(2CH)_H | D66: 1000063453 | E66: =VLOOKUP(D66,[1]자재마스터!$A:$C,3,0) -> SFP_DUPLEX16WL-1291.65-10G-DUH,삼성전자,5G RAN | F66: 삼성전자
A67: 5G | B67: SFP_SMUX | C67: SFP_MUX(3CH)_L | D67: 1000063454 | E67: =VLOOKUP(D67,[1]자재마스터!$A:$C,3,0) -> SFP_DUPLEX16WL-1285.01-10G-DUL,삼성전자,5G RAN | F67: 삼성전자
A68: 5G | B68: SFP_SMUX | C68: SFP_MUX(3CH)_H | D68: 1000063455 | E68: =VLOOKUP(D68,[1]자재마스터!$A:$C,3,0) -> SFP_DUPLEX16WL-1292.49-10G-DUH,삼성전자,5G RAN | F68: 삼성전자
A69: 5G | B69: SFP_SMUX | C69: SFP_MUX(4CH)_L | D69: 1000063456 | E69: =VLOOKUP(D69,[1]자재마스터!$A:$C,3,0) -> SFP_DUPLEX16WL-1285.84-10G-DUL,삼성전자,5G RAN | F69: 삼성전자
A70: 5G | B70: SFP_SMUX | C70: SFP_MUX(4CH)_H | D70: 1000063457 | E70: =VLOOKUP(D70,[1]자재마스터!$A:$C,3,0) -> SFP_DUPLEX16WL-1293.32-10G-DUH,삼성전자,5G RAN | F70: 삼성전자
A71: 5G | B71: SFP_SMUX | C71: SFP_MUX(5CH)_L | D71: 1000063458 | E71: =VLOOKUP(D71,[1]자재마스터!$A:$C,3,0) -> SFP_DUPLEX16WL-1286.66-10G-DUL,삼성전자,5G RAN | F71: 삼성전자
... A127: 5G | B127: Semi TSFP-H | C127: 1291H_DUL | D127: 1000066268 | E127: =VLOOKUP(D127,[1]자재마스터!$A:$C,3,0) -> Semi TSFP_29H DUL용,썬웨이브텍,1291nm High 4파장, 10G (켐옵틱스) | F127: 썬웨이브
A128: 5G | B128: Semi TSFP-H | C128: Semi TSFP_27L DUH용 | D128: 1000066943 | E128: 1271nm Low 4파장, 10G (라이트론) | F128: 썬웨이브
A129: 5G | B129: Semi TSFP-H | C129: Semi TSFP_27L DUL용 | D129: 1000066944 | E129: 1271nm Low 4파장, 10G (라이트론) | F129: 썬웨이브
A130: 5G | B130: Semi TSFP-H | C130: Semi TSFP_27H DUH용 | D130: 1000066600 | E130: 1271nm High 4파장, 10G (라이트론) | F130: 썬웨이브
A131: 5G | B131: Semi TSFP-H | C131: Semi TSFP_27H DUL용 | D131: 1000066642 | E131: 1271nm High 4파장, 10G (라이트론) | F131: 썬웨이브
A132: 5G | B132: Semi TSFP-H | C132: Semi TSFP_29L DUH용 | D132: 1000066945 | E132: 1291nm Low 4파장, 10G (라이트론) | F132: 썬웨이브
A133: 5G | B133: Semi TSFP-H | C133: Semi TSFP_29L DUL용 | D133: 1000066946 | E133: 1291nm Low 4파장, 10G (라이트론) | F133: 썬웨이브
A134: 5G | B134: Semi TSFP-H | C134: Semi TSFP_29H DUH용 | D134: 1000066651 | E134: 1291nm High 4파장, 10G (라이트론) | F134: 썬웨이브
A135: 5G | B135: Semi TSFP-H | C135: Semi TSFP_29H DUL용 | D135: 1000066643 | E135: 1291nm High 4파장, 10G (라이트론) | F135: 썬웨이브
A136: 5G | B136: Semi TSFP-H | C136: 1271H_DUH | D136: 1000066269 | E136: =VLOOKUP(D136,[1]자재마스터!$A:$C,3,0) -> Semi TSFP_27H DUH용,쏠리드,1271nm High 4파장, 10G(켐옵틱스) | F136: 쏠리드
A137: 5G | B137: Semi TSFP-H | C137: 1271H_DUL | D137: 1000066270 | E137: =VLOOKUP(D137,[1]자재마스터!$A:$C,3,0) -> Semi TSFP_27H DUL용,쏠리드,1271nm High 4파장, 10G(켐옵틱스) | F137: 쏠리드
A138: 5G | B138: Semi TSFP-H | C138: 1291H_DUH | D138: 1000066301 | E138: =VLOOKUP(D138,[1]자재마스터!$A:$C,3,0) -> Semi TSFP_29H DUH용,쏠리드,1291nm High 4파장, 10G(켐옵틱스) | F138: 쏠리드
A139: 5G | B139: Semi TSFP-H | C139: 1291H_DUL | D139: 1000066302 | E139: =VLOOKUP(D139,[1]자재마스터!$A:$C,3,0) -> Semi TSFP_29H DUL용,쏠리드,1291nm High 4파장, 10G(켐옵틱스) | F139: 쏠리드
A140: 5G | B140: Semi TSFP-L | C140: 1331L_DUH | D140: 1000066942 | E140: =VLOOKUP(D140,[1]자재마스터!$A:$C,3,0) -> Semi TSFP_33L DUH용,썬웨이브텍,1331nm Low 4파장, 10G (라이트론) | F140: 썬웨이브
A141: 5G | B141: Semi TSFP-L | C141: 1331L_DUL | D141: 1000066941 | E141: =VLOOKUP(D141,[1]자재마스터!$A:$C,3,0) -> Semi TSFP_33L DUL용,썬웨이브텍,1331nm Low 4파장, 10G (라이트론) | F141: 썬웨이브
A142: 5G | B142: Semi TSFP-L | C142: 1351L_DUH | D142: 1000066956 | E142: =VLOOKUP(D142,[1]자재마스터!$A:$C,3,0) -> Semi TSFP_35L DUH용,썬웨이브텍,1351nm Low 4파장, 10G (라이트론) | F142: 썬웨이브
A143: 5G | B143: Semi TSFP-L | C143: 1351L_DUL | D143: 1000066955 | E143: =VLOOKUP(D143,[1]자재마스터!$A:$C,3,0) -> Semi TSFP_35L DUL용,썬웨이브텍,1351nm Low 4파장, 10G (라이트론) | F143: 썬웨이브
A144: 5G | B144: Semi TSFP-L | C144: 1411L_DUH | D144: 1000066954 | E144: =VLOOKUP(D144,[1]자재마스터!$A:$C,3,0) -> Semi TSFP_41L DUH용,썬웨이브텍,1411nm Low 4파장, 10G (라이트론) | F144: 썬웨이브
A145: 5G | B145: Semi TSFP-L | C145: 1411L_DUL | D145: 1000066953 | E145: =VLOOKUP(D145,[1]자재마스터!$A:$C,3,0) -> Semi TSFP_41L DUL용,썬웨이브텍,1411nm Low 4파장, 10G (라이트론) | F145: 썬웨이브
A146: 5G | B146: Semi TSFP-H | C146: 1331H_DUH | D146: 1000066952 | E146: =VLOOKUP(D146,[1]자재마스터!$A:$C,3,0) -> Semi TSFP_33H DUH용,썬웨이브텍,1331nm High 4파장, 10G (라이트론) | F146: 썬웨이브
A147: 5G | B147: Semi TSFP-H | C147: 1331H_DUL | D147: 1000066951 | E147: =VLOOKUP(D147,[1]자재마스터!$A:$C,3,0) -> Semi TSFP_33H DUL용,썬웨이브텍,1331nm High 4파장, 10G (라이트론) | F147: 썬웨이브
... A155: 5G | B155: SFP_BH용 | C155: BIDI_B/H용 | D155: 1000065305 | E155: =VLOOKUP(D155,[1]자재마스터!$A:$C,3,0) -> 광모듈(백홀, 5G-PON용),10G BIDI 1Km 1330nm | F155: 옵티코어
A156: 5G | B156: SFP_BH용 | C156: BIDI_B/H용 | D156: 1000067341 | E156: 10G_광모듈_BIDI(H),(주)인텍이앤씨,BIDI 1Km 1330nm_DML | F156: 인텍이앤씨
A157: 5G | B157: SFP_BH용 | C157: BIDI_B/H용 | D157: 1000067326 | E157: 10G_광모듈_BIDI(L),(주)인텍이앤씨,BIDI 1Km 1270nm_DML | F157: 인텍이앤씨
A158: 5G | B158: SFP_BH용 | C158: BIDI_B/H용 | D158: 1000066464 | E158: =VLOOKUP(D158,[1]자재마스터!$A:$C,3,0) -> 광모듈 프론트홀 25Gbps,25G BIDI 1Km 1330nm | F158: 옵티코어
A159: 5G | B159: SFP_BH용 | C159: BIDI_B/H용 | D159: 1000066465 | E159: =VLOOKUP(D159,[1]자재마스터!$A:$C,3,0) -> 광모듈 프론트홀 25Gbps,25G BIDI 1Km 1270nm | F159: 옵티코어
A160: 5G | B160: gIRO(5G)-S | C160: RO-GIRO-DS(0120) | D160: 1000065475 | E160: =VLOOKUP(D160,[1]자재마스터!$A:$C,3,0) -> gIRO-DS(0120):RO,(주)씨에스,gIRO-DS(0120):RO | F160: 씨에스
A161: 5G | B161: gIRO(5G)-S | C161: RO-GIRO-DS(0120) | D161: 1000065468 | E161: =VLOOKUP(D161,[1]자재마스터!$A:$C,3,0) -> gIRO-DS(0120):RO/SKTS,SKTS,gIRO-DS(0120):RO/SKTS | F161: SKTS
A162: 5G | B162: gIRO(5G)-S | C162: RO-GIRO-SS(0100) | D162: 1000067459 | E162: gIRO-SS(0100):RO/씨에스,(주)씨에스,gIRO | F162: 씨에스
A163: 5G | B163: gIRO(5G)-S | C163: RO-GIRO-SS(0100) | D163: 1000067482 | E163: gIRO-SS(0100):RO/PCNI Eng | F163: SKTS
A164: 5G | B164: gIRO(5G)-S | C164: RO-GIRO-SS(0100) | D164: 1000068018 | E164: gIRO-SS(0100)-2T:RO/씨에스,(주)씨에스,gIRO-SS(0100)-2T:RO/씨에스 | F164: 씨에스
A165: 5G | B165: gIRO(5G)-S | C165: RO-GIRO-SS(0100) | D165: 1000068021 | E165: gIRO-SS(0100)-2T:RO_SFP제외/씨에스,(주)씨에스,gIRO-SS(0100)-2T:RO_SFP제외/씨에스 | F165: 씨에스
A166: 5G | B166: gIRO(5G)-S | C166: RO-GIRO-SS(0100) | D166: 1000068011 | E166: gIRO-SS(0100):RO_SFP제외/씨에스,(주)씨에스,gIRO-SS(0100):RO_SFP제외/씨에스 | F166: 씨에스
A167: 5G | B167: gIRO(5G)-S | C167: RO-GIRO-SS(0100) | D167: 1000068037 | E167: gIRO-SS(0100)-2T:RO/PCNI Eng,팬택씨앤아이엔지니어링,gIRO-SS(0100)-2T:RO/PCNI Eng | F167: 팬텍
A168: 5G | B168: gIRO(5G)-S | C168: RO-GIRO-SS(0100) | D168: 1000068038 | E168: gIRO-SS(0100)-2T:RO_SFP제외/PCNI Eng,팬택씨앤아이엔지니어링,gIRO-SS(0100)-2T:RO_SFP제외/PCNI Eng | F168: 팬텍
A169: 5G | B169: gIRO(5G)-S | C169: RO-GIRO-SS(0100) | D169: 1000068040 | E169: gIRO-SS(0100):RO_SFP제외/PCNI Eng,팬택씨앤아이엔지니어링,gIRO-SS(0100):RO_SFP제외/PCNI Eng | F169: 팬텍
A170: 5G | B170: gIRO(5G)-S | C170: RO-GIRO-DS(01W0) | D170: 1000065890 | E170: =VLOOKUP(D170,[1]자재마스터!$A:$C,3,0) -> gIRO-DS(01W0):RO/SKTS,SKTS,gIRO-DS(01W0):RO/SKTS | F170: SKTS
A171: 5G | B171: gIRO(5G)-S | C171: RO-GIRO-DS(01W0) | D171: 1000065886 | E171: =VLOOKUP(D171,[1]자재마스터!$A:$C,3,0) -> gIRO-DS(01W0)_IBS:RO/씨에스,(주)씨에스,gIRO-DS(01W0)_IBS:RO/씨에스 | F171: 씨에스
A172: 5G | B172: gIRO(5G)-S | C172: RO-GIRO-DS(8020) | D172: 1000065472 | E172: =VLOOKUP(D172,[1]자재마스터!$A:$C,3,0) -> gIRO-DS(8020):RO,(주)씨에스,gIRO-DS(8020):RO | F172: 씨에스
A173: 5G | B173: gIRO(5G)-S | C173: RO-GIRO-DS(80W0) | D173: 1000065884 | E173: =VLOOKUP(D173,[1]자재마스터!$A:$C,3,0) -> gIRO-DS(80W0)_IBS:RO/씨에스,(주)씨에스,gIRO-DS(80W0)_IBS:RO/씨에스 | F173: 씨에스
A174: 5G | B174: gIRO(5G)-S | C174: RO-GIRO-DS(8100) | D174: 1000065926 | E174: =VLOOKUP(D174,[1]자재마스터!$A:$C,3,0) -> gIRO-DS(8100):RO/SKTS,SKTS,gIRO-DS(8100):RO/SKTS | F174: SKTS
A175: 5G | B175: gIRO(5G)-S | C175: RO-GIRO-DS(8100) | D175: 1000065925 | E175: =VLOOKUP(D175,[1]자재마스터!$A:$C,3,0) -> gIRO-DS(8100):RO/씨에스,(주)씨에스,gIRO-DS(8100):RO/씨에스 | F175: 씨에스
A176: 5G | B176: gIRO(5G)-S | C176: RO-GIRO-DS(8100) | D176: 1000066742 | E176: =VLOOKUP(D176,[1]자재마스터!$A:$C,3,0) -> gIRO-DS(8100):RO_SFP제외/씨에스,(주)씨에스,gIRO-DS(8100):RO_SFP제외/씨에스 | F176: 씨에스
A177: 5G | B177: gIRO(5G)-S | C177: RO-GIRO-DS(8100) | D177: 1000066706 | E177: =VLOOKUP(D177,[1]자재마스터!$A:$C,3,0) -> gIRO-DS(8100):RO_SFP제외/PCNIENG,팬택씨앤아이엔지니어링,gIRO-DS(8100):RO_SFP제외/PCNIENG | F177: 팬텍
A178: 5G | B178: gIRO(5G)-S | C178: RO-GIRO-DS(8100) | D178: 1000068014 | E178: gIRO-D(8100):RO/HFR,HFR,gIRO-D(8100):RO/HFR | F178: HFR
A179: 5G | B179: gIRO(5G)-S | C179: RO-GIRO-DS(8100) | D179: 1000068024 | E179: gIRO-DS(8100):RO/HFR_SFP제외,HFR,gIRO-DS(8100):RO/HFR_SFP제외 | F179: HFR
...

Sheet 5G,LTE물자
A1: 대분류 | B1: 소분류 | C1: 자재코드 | D1: 품명 | E1: 제조사 | F1: 이월_신품 | G1: 이월_구품 | H1: 이월(재고) | I1: 신품 | J1: 구품 | K1: 재고 | L1: 전체
A2: 5G | B2: AAU10(SS) | C2: 1000063437 | D2: =VLOOKUP(C2,[1]자재마스터!$A:$C,3,0) -> AAU10-3.5G-32T,삼성전자,5G RAN | E2: 삼성전자
A3: 5G | B3: AAU20(SS) | C3: 1000064890 | D3: =VLOOKUP(C3,[1]자재마스터!$A:$C,3,0) -> AAU20-3.5G-32T,삼성전자,5G RAN | E3: 삼성전자
A4: 5G | B4: AAU20(ELG) | C4: 1000065566 | D4: =VLOOKUP(C4,[1]자재마스터!$A:$C,3,0) -> AAU20-3.5G-32T,ERICSSON-LG,AIR3227 | E4: ELG
A5: 5G | B5: AAU21(SS) | C5: 1000066569 | D5: =VLOOKUP(C5,[1]자재마스터!$A:$C,3,0) -> AAU21-3.5G-32T,삼성전자,5G RAN | E5: 삼성전자
A6: 5G | B6: PRU-3.5G-8T | C6: 1000064248 | D6: =VLOOKUP(C6,[1]자재마스터!$A:$C,3,0) -> PRU10-3.5G-8T,삼성전자,5G RAN | E6: 삼성전자
A7: 5G | B7: PRU10-3.5G-4T(EL) | C7: 1000064675 | D7: =VLOOKUP(C7,[1]자재마스터!$A:$C,3,0) -> PRU10-3.5G-4T,ERICSSON-LG,Radio4422 B78C | E7: ELG
A8: 5G | B8: PRU10-3.5G-8T(NSN) | C8: 1000064650 | D8: =VLOOKUP(C8,[1]자재마스터!$A:$C,3,0) -> PRU10-3.5G-8T,NSN,NSN/AZQL(3.5GHz)/8TRX | E8: NSS
A9: 5G | B9: RO-PRU-3.5G-4T(SKTS) | C9: 1000064902 | D9: =VLOOKUP(C9,[1]자재마스터!$A:$C,3,0) -> PRU-3.5G-4T/SKTS,SKTS,PRU-3.5G-4T/SKTS | E9: SKTS
A10: 5G | B10: RO-PRU-3.5G-4T(ANTS) | C10: 1000064758 | D10: =VLOOKUP(C10,[1]자재마스터!$A:$C,3,0) -> PRU-3.5G-4T/ANTS,에이앤티에스,PRU-3.5G-4T/ANTS | E10: ANTS
A11: LTE DBRRU | B11: DBRRU 2.1G/1.8G | C11: 1000065286 | D11: =VLOOKUP(C11,[1]자재마스터!$A:$C,3,0) -> Dualband RU(2.1G/1.8G),삼성전자,LTE RAN | E11: 삼성전자
A12: LTE RRU | B12: RRU 1.8G(10W) | C12: 1000056038 | D12: =VLOOKUP(C12,[1]자재마스터!$A:$C,3,0) -> CRU 본체,1.8GHz,삼성전자,LTE eNB | E12: 삼성전자
A13: LTE RRU | B13: RRU 1.8G | C13: 1000051223 | D13: =VLOOKUP(C13,[1]자재마스터!$A:$C,3,0) -> RRU(종단형),1.8GHz,삼성전자,LTE eNB | E13: 삼성전자
... A20: LTE RRU | B20: RRU 2.6G | C20: 1000059604 | D20: =VLOOKUP(C20,[1]자재마스터!$A:$C,3,0) -> RRU 본체, 2.6GHz,삼성전자,LTE eNB | E20: 삼성전자
A21: LTE RRU | B21: RRU 850M | C21: 1000067625 | D21: 850MHz ARRU | E21: 삼성전자
A22: LTE RRU | B22: RRU 800M(40W) | C22: 1000049935 | D22: =VLOOKUP(C22,[1]자재마스터!$A:$C,3,0) -> RRU(종단형),40W,삼성전자,LTE eNB | E22: 삼성전자
A23: LTE RRU | B23: RRU 800M(40W) | C23: 1000052324 | D23: RRU(연결형,HSFP),삼성전자,LTE eNB | E23: 삼성전자
A24: LTE RRU | B24: RRU 800M(40W) | C24: 1000052325 | D24: RRU(종단형,HSFP),삼성전자,LTE eNB | E24: 삼성전자
A25: LTE RRU | B25: RRU 800M(30W) | C25: 1000048114 | D25: =VLOOKUP(C25,[1]자재마스터!$A:$C,3,0) -> RRU(종단형),삼성전자,LTE eNB | E25: 삼성전자
A26: LTE RRU | B26: RRU 800M(10W) | C26: 1000053053 | D26: =VLOOKUP(C26,[1]자재마스터!$A:$C,3,0) -> 소형RRU 850MHz,삼성전자,LTE eNB | E26: 삼성전자
A27: LTE RRU | B27: RRU 800M(10W) | C27: 1000053147 | D27: =VLOOKUP(C27,[1]자재마스터!$A:$C,3,0) -> 통합소형RRU,삼성전자,LTE eNB | E27: 삼성전자
A28: LHS | B28: LS-3.5G | C28: 1000064695 | D28: =VLOOKUP(C28,[1]자재마스터!$A:$C,3,0) -> LS-3.5G-100M,삼성전자,5G | E28: 삼성전자
A29: L9TU | B29: L9TU | C29: 1000048112 | D29: =VLOOKUP(C29,[1]자재마스터!$A:$C,3,0) -> L9TU(단거리용),삼성전자,LTE eNB | E29: 삼성전자
A30: L9TU | B30: L9TU | C30: 1000048123 | D30: =VLOOKUP(C30,[1]자재마스터!$A:$C,3,0) -> L9TU(장거리용),삼성전자,LTE eNB | E30: 삼성전자
A31: 5G | B31: RO-GIRO-DS(0120) | C31: 1000065475 | D31: =VLOOKUP(C31,[1]자재마스터!$A:$C,3,0) -> gIRO-DS(0120):RO,(주)씨에스,gIRO-DS(0120):RO | E31: 씨에스
A32: 5G | B32: RO-GIRO-DS(0120) | C32: 1000065468 | D32: =VLOOKUP(C32,[1]자재마스터!$A:$C,3,0) -> gIRO-DS(0120):RO/SKTS,SKTS,gIRO-DS(0120):RO/SKTS | E32: SKTS
A33: 5G | B33: RO-GIRO-DS(01W0) | C33: 1000065890 | D33: =VLOOKUP(C33,[1]자재마스터!$A:$C,3,0) -> gIRO-DS(01W0):RO/SKTS,SKTS,gIRO-DS(01W0):RO/SKTS | E33: SKTS
A34: 5G | B34: RO-GIRO-DS(01W0) | C34: 1000065886 | D34: =VLOOKUP(C34,[1]자재마스터!$A:$C,3,0) -> gIRO-DS(01W0)_IBS:RO/씨에스,(주)씨에스,gIRO-DS(01W0)_IBS:RO/씨에스 | E34: 씨에스
A35: 5G | B35: RO-GIRO-DS(8020) | C35: 1000065472 | D35: =VLOOKUP(C35,[1]자재마스터!$A:$C,3,0) -> gIRO-DS(8020):RO,(주)씨에스,gIRO-DS(8020):RO | E35: 씨에스
A36: 5G | B36: RO-GIRO-DS(80W0) | C36: 1000065884 | D36: =VLOOKUP(C36,[1]자재마스터!$A:$C,3,0) -> gIRO-DS(80W0)_IBS:RO/씨에스,(주)씨에스,gIRO-DS(80W0)_IBS:RO/씨에스 | E36: 씨에스
... A57: LTE | B57: RO-IRO-D(8100) | C57: 1000065739 | D57: =VLOOKUP(C57,[1]자재마스터!$A:$C,3,0) -> IRO-D(8100):RO/SKTS,SKTS,IRO-D(8100):RO/SKTS | E57: SKTS
A58: LTE | B58: RO-IRO-D(8100) | C58: 1000066715 | D58: IRO-D(8100):RO_SFP제외/PCNIENG,팬택씨앤아이엔지니어링,IRO-D(8100):RO_SFP제외/PCNIENG | E58: 팬택
A59: LTE | B59: RO-IRO-D(8100) | C59: 1000066746 | D59: =VLOOKUP(C59,[1]자재마스터!$A:$C,3,0) -> IRO-D(8100):RO_SFP제외/쏠리드,쏠리드,IRO-D(8100):RO_SFP제외/쏠리드 | E59: 쏠리드
A60: LTE | B60: RO-IRO-D(8100) | C60: 1000066744 | D60: =VLOOKUP(C60,[1]자재마스터!$A:$C,3,0) -> IRO-D(8100):RO_SFP제외/씨에스,(주)씨에스,IRO-D(8100):RO_SFP제외/씨에스 | E60: 씨에스
A61: LTE | B61: RO-IRO-T(01W6) | C61: 1000060806 | D61: =VLOOKUP(C61,[1]자재마스터!$A:$C,3,0) -> IRO-T-(01W6):RO/씨에스,(주)씨에스,IRO-T-(01W6):RO/씨에스 | E61: 씨에스
A62: LTE | B62: RO-IRO-T(80W6) | C62: 1000060402 | D62: =VLOOKUP(C62,[1]자재마스터!$A:$C,3,0) -> IRO-T(80W6):RO,쏠리드,IRO-T(80W6):RO | E62: 쏠리드
A63: LTE | B63: RO-IRO-T(8120) | C63: 1000061036 | D63: =VLOOKUP(C63,[1]자재마스터!$A:$C,3,0) -> IRO-T(8120):IMHS,쏠리드,IRO-T(8120):IMHS | E63: 쏠리드
A64: LTE | B64: RO-IRO-T(81W0) | C64: 1000061005 | D64: =VLOOKUP(C64,[1]자재마스터!$A:$C,3,0) -> IRO-T(81W0):RO/SKTS,SKTS,IRO-T(81W0):RO/SKTS | E64: SKTS
A65: LTE | B65: RO-IRO-T(81W0) | C65: 1000061033 | D65: =VLOOKUP(C65,[1]자재마스터!$A:$C,3,0) -> IRO-T(81W0):RO,쏠리드,IRO-T(81W0):RO | E65: 쏠리드
A66: LTE | B66: RO-IRO-T(81W0) | C66: 1000061046 | D66: =VLOOKUP(C66,[1]자재마스터!$A:$C,3,0) -> IRO-T-(81W0):RO/씨에스,(주)씨에스,IRO-T-(81W0):RO/씨에스 | E66: 씨에스
A67: LTE | B67: RO-IRO-T(81W0) | C67: 1000063326 | D67: =VLOOKUP(C67,[1]자재마스터!$A:$C,3,0) -> IRO-T(81W0)_IBS:RO,쏠리드,IRO-T(81W0)_IBS:RO | E67: 쏠리드
A68: LTE | B68: RO-IRO-Q(8126) | C68: 1000061013 | D68: =VLOOKUP(C68,[1]자재마스터!$A:$C,3,0) -> IRO-Q(8126):RO/SKTS,SKTS,IRO-Q(8126):RO/SKTS | E68: SKTS
A69: LTE | B69: RO-IRO-Q(8126) | C69: 1000061039 | D69: =VLOOKUP(C69,[1]자재마스터!$A:$C,3,0) -> IRO-Q(8126):RO,쏠리드,IRO-Q(8126):RO | E69: 쏠리드
A70: LTE | B70: RO-IRO-Q(81W6) | C70: 1000060409 | D70: =VLOOKUP(C70,[1]자재마스터!$A:$C,3,0) -> IRO-Q(81W6):RO/SKTS,SKTS,IRO-Q(81W6):RO/SKTS | E70: SKTS
... A407: RRU축전지 | B407: 리튬축전지 | C407: 1000060532 | D407: =VLOOKUP(C407,[1]자재마스터!$A:$C,3,0) -> 리튬축전지 팩(24V 10Ah)_RRU 컴팩트정류기용,. | E407: 행복나래

Sheet RRU, MiBos, W, 설비물자
A1: 대분류 | B1: 중분류 | C1: 세분류 | D1: 자재코드 | E1: 품명 | F1: 제조업체 | G1: 이월_신품 | H1: 이월_구품 | I1: 이월(재고) | J1: 신품 | K1: 구품 | L1: 재고 | M1: 전체
A2: RRU | B2: DBRRU | C2: 2.1G/1.8G | D2: 1000065286 | E2: =VLOOKUP(D2,[1]자재마스터!$A:$C,3,0) -> Dualband RU(2.1G/1.8G),삼성전자,LTE RAN | F2: 삼성전자
A3: RRU | B3: ERRU | C3: WCDMA | D3: 1000028338 | E3: =VLOOKUP(D3,[1]자재마스터!$A:$C,3,0) -> DC,삼성전자,RRU,WCDMA,ERRU | F3: 삼성전자
A4: RRU | B4: ERRU | C4: WCDMA | D4: 1000028339 | E4: =VLOOKUP(D4,[1]자재마스터!$A:$C,3,0) -> AC,삼성전자,RRU,WCDMA,ERRU | F4: 삼성전자
A5: RRU | B5: RRU | C5: 1.8G(20W) | D5: 1000056038 | E5: =VLOOKUP(D5,[1]자재마스터!$A:$C,3,0) -> CRU 본체,1.8GHz,삼성전자,LTE eNB | F5: 삼성전자
A6: RRU | B6: RRU | C6: 1.8G | D6: 1000051223 | E6: =VLOOKUP(D6,[1]자재마스터!$A:$C,3,0) -> RRU(종단형),1.8GHz,삼성전자,LTE eNB | F6: 삼성전자
A7: RRU | B7: RRU | C7: 1.8G | D7: 1000051224 | E7: =VLOOKUP(D7,[1]자재마스터!$A:$C,3,0) -> RRU(연결형),1.8GHz,삼성전자,LTE eNB | F7: 삼성전자
A8: RRU | B8: RRU | C8: 1.8G | D8: 1000052322 | E8: =VLOOKUP(D8,[1]자재마스터!$A:$C,3,0) -> RRU(연결형,HSFP),1.8GHz,삼성전자,LTE eNB | F8: 삼성전자
A9: RRU | B9: RRU | C9: 1.8G | D9: 1000052323 | E9: =VLOOKUP(D9,[1]자재마스터!$A:$C,3,0) -> RRU(종단형,HSFP),1.8GHz,삼성전자,LTE eNB | F9: 삼성전자
A10: RRU | B10: RRU | C10: 1.8G | D10: 1000052729 | E10: =VLOOKUP(D10,[1]자재마스터!$A:$C,3,0) -> RRU(종단형,HSFP 1350nm),1.8GHz,삼성전자,LTE eNB | F10: 삼성전자
A11: RRU | B11: RRU | C11: 1.8G | D11: 1000056039 | E11: =VLOOKUP(D11,[1]자재마스터!$A:$C,3,0) -> ARRU 본체,1.8GHz,삼성전자,LTE eNB | F11: 삼성전자
A12: RRU | B12: RRU | C12: 2.1G | D12: 1000055333 | E12: =VLOOKUP(D12,[1]자재마스터!$A:$C,3,0) -> ARRU(종단형,HSFP 1,351nm),2.1GHz,삼성전자,LTE eNB | F12: 삼성전자
A13: RRU | B13: RRU | C13: 2.1G | D13: 1000055334 | E13: =VLOOKUP(D13,[1]자재마스터!$A:$C,3,0) -> ARRU 종단형, HSFP, 2.1GHz,삼성전자,LTE eNB | F13: 삼성전자
... A15: RRU | B15: RRU | C15: 2.6G | D15: 1000059604 | E15: =VLOOKUP(D15,[1]자재마스터!$A:$C,3,0) -> RRU 본체, 2.6GHz,삼성전자,LTE eNB | F15: 삼성전자
B16: RRU | C16: 850M | D16: 1000067625 | E16: 850MHz ARRU | F16: 삼성전자
A17: RRU | B17: RRU | C17: 800M(30W) | D17: 1000048114 | E17: =VLOOKUP(D17,[1]자재마스터!$A:$C,3,0) -> RRU(종단형),삼성전자,LTE eNB | F17: 삼성전자
A18: RRU | B18: RRU | C18: 800M(80W) | D18: 1000049910 | E18: =VLOOKUP(D18,[1]자재마스터!$A:$C,3,0) -> RRU(연결형),80W,삼성전자,LTE eNB | F18: 삼성전자
A19: RRU | B19: RRU | C19: 800M(40W) | D19: 1000049935 | E19: =VLOOKUP(D19,[1]자재마스터!$A:$C,3,0) -> RRU(종단형),40W,삼성전자,LTE eNB | F19: 삼성전자
A20: RRU | B20: RRU | C20: 800M(40W) | D20: 1000052324 | E20: =VLOOKUP(D20,[1]자재마스터!$A:$C,3,0) -> RRU(연결형,HSFP),삼성전자,LTE eNB | F20: 삼성전자
A21: RRU | B21: RRU | C21: 800M(40W) | D21: 1000052325 | E21: =VLOOKUP(D21,[1]자재마스터!$A:$C,3,0) -> RRU(종단형,HSFP),삼성전자,LTE eNB | F21: 삼성전자
A22: RRU | B22: RRU | C22: 800M(20W) | D22: 1000053053 | E22: =VLOOKUP(D22,[1]자재마스터!$A:$C,3,0) -> 소형RRU 850MHz,삼성전자,LTE eNB | F22: 삼성전자
A23: RRU | B23: RRU | C23: 800M(10W)/1.8G(20W) | D23: 1000053147 | E23: =VLOOKUP(D23,[1]자재마스터!$A:$C,3,0) -> 통합소형RRU,삼성전자,LTE eNB | F23: 삼성전자
A24: LTE 정류기 | B24: RRU정류기 | C24: 소형 | D24: 1000050851 | E24: =VLOOKUP(D24,[1]자재마스터!$A:$C,3,0) -> LTE RRU용 소형정류기_27V 표준형,LTE RRU용 소형정류기_27V 표준형 | F24: 동아
A25: LTE 정류기 | B25: RRU정류기 | C25: 소형 | D25: 1000050885 | E25: =VLOOKUP(D25,[1]자재마스터!$A:$C,3,0) -> LTE RRU용 소형정류기_27V 표준형(우리),우리시스템즈 | F25: 우리
A26: LTE 정류기 | B26: RRU정류기 | C26: 소형 | D26: 1000052775 | E26: =VLOOKUP(D26,[1]자재마스터!$A:$C,3,0) -> LTE RRU용 소형정류기,27V 표준형(SKTS) | F26: SKTS
A27: LTE 정류기 | B27: RRU정류기 | C27: 소형 | D27: 1000049938 | E27: =VLOOKUP(D27,[1]자재마스터!$A:$C,3,0) -> RRU정류기(소형),40W용,삼성전자,LTE eNB | F27: 삼성전자
A28: LTE 정류기 | B28: RRU정류기 | C28: 소형 | D28: 1000050798 | E28: =VLOOKUP(D28,[1]자재마스터!$A:$C,3,0) -> LTE RRU 비표준형 소형정류기_삼성,LTE RRU 비표준형 소형정류기_삼성 | F28: 삼성전자
A29: LTE 정류기 | B29: RRU정류기 | C29: 소형 | D29: 1000048105 | E29: =VLOOKUP(D29,[1]자재마스터!$A:$C,3,0) -> RRU정류기(소형),삼성전자,LTE eNB | F29: 삼성전자
B30: RRU정류기 | C30: 중형 | D30: 1000049936 | E30: =VLOOKUP(D30,[1]자재마스터!$A:$C,3,0) -> RRU정류기(중형),40W용,삼성전자,LTE eNB | F30: 삼성전자
B31: RRU정류기 | C31: 중형 | D31: 1000049937 | E31: =VLOOKUP(D31,[1]자재마스터!$A:$C,3,0) -> RRU정류모듈(중형),40W용,삼성전자,LTE eNB | F31: 삼성전자
A32: LTE 정류기 | B32: RRU정류기 | C32: 통합형 | D32: 1000054362 | E32: =VLOOKUP(D32,[1]자재마스터!$A:$C,3,0) -> LTE RRU용 통합형 정류기_27V,(SKTS) | F32: SKTS
A33: LTE 정류기 | B33: RRU정류기 | C33: 통합형 | D33: 1000054364 | E33: =VLOOKUP(D33,[1]자재마스터!$A:$C,3,0) -> LTE RRU용 통합형 정류기_27V,(우리) | F33: 우리
A34: LTE 정류기 | B34: RRU정류기 | C34: 통합형 | D34: 1000060480 | E34: =VLOOKUP(D34,[1]자재마스터!$A:$C,3,0) -> LTE통합소형,Compact정류기 2port(27V) | F34: 동아
A35: LTE 정류기 | B35: RRU정류기 | C35: 통합형 | D35: 1000060531 | E35: =VLOOKUP(D35,[1]자재마스터!$A:$C,3,0) -> LTE통합소형,Compact정류기(27V)용 축전지케이스
A36: LTE 정류기 | B36: RRU정류기 | C36: 통합형 | D36: 1000060991 | E36: =VLOOKUP(D36,[1]자재마스터!$A:$C,3,0) -> LTE통합소형,Compact정류기(27V)_케이블통합형 | F36: SKTS, 동아
B37: RRU정류기 | C37: 통합형 | D37: 1000066996 | E37: 소형정류기 LTE통합Compact 27V 개선브라켓 | F37: SKTS, 동아
A38: LTE 정류기 | B38: RRU정류기 | C38: 통합형 | D38: 1000051532 | E38: =VLOOKUP(D38,[1]자재마스터!$A:$C,3,0) -> LTE 인빌딩용 27V 소형 정류기,1.8GHz 통합형 27V | F38: 동아,우리,SKTS
A39: LTE 축전지 | B39: RRU축전지 | C39: 리튬축전지 | D39: 1000065678 | E39: =VLOOKUP(D39,[1]자재마스터!$A:$C,3,0) -> 리튬축전지 함체_컴팩트형 정류기용,,,,
A40: LTE 축전지 | B40: RRU축전지 | C40: 리튬축전지 | D40: 1000065676 | E40: =VLOOKUP(D40,[1]자재마스터!$A:$C,3,0) -> 리튬축전지 팩(24V 10Ah)_8Socket,,,,
A41: LTE 축전지 | B41: RRU축전지 | C41: 리튬축전지 | D41: 1000060532 | E41: =VLOOKUP(D41,[1]자재마스터!$A:$C,3,0) -> 리튬축전지 팩(24V 10Ah)_RRU 컴팩트정류기용,.
A42: MiBOS | B42: MiBOS-Ad | C42: MiBOS-Ad-L0_IBS | D42: 1000056115 | E42: =VLOOKUP(D42,[1]자재마스터!$A:$C,3,0) -> MiBOS-Ad-L0_IBS:RO(세로형)/SKTS,SKTS,MiBOS-Ad-L0_IBS:RO(세로형)/SKTS | F42: SKTS
A43: MiBOS | B43: MiBOS-Ad | C43: MiBOS-Ad-L0_IBS | D43: 1000056116 | E43: =VLOOKUP(D43,[1]자재마스터!$A:$C,3,0) -> MiBOS-Ad-L0_IBS:RO(가로형)/SKTS,SKTS,MiBOS-Ad-L0_IBS:RO(가로형)/SKTS, | F43: SKTS
A44: MiBOS | B44: MiBOS-Ad | C44: MiBOS-Ad-L0_IBS | D44: 1000056155 | E44: =VLOOKUP(D44,[1]자재마스터!$A:$C,3,0) -> MiBOS-Ad-L0_IBS:RO(세로형)/쏠리드,쏠리드,MiBOS-Ad-L0_IBS:RO(세로형)/쏠리드 | F44: (주)쏠리드
A45: MiBOS | B45: MiBOS-Ad | C45: MiBOS-Ad-L0_IBS | D45: 1000056156 | E45: =VLOOKUP(D45,[1]자재마스터!$A:$C,3,0) -> MiBOS-Ad-L0_IBS:RO(가로형)/쏠리드,쏠리드,MiBOS-Ad-L0_IBS:RO(가로형)/쏠리드, | F45: (주)쏠리드
A46: MiBOS | B46: MiBOS-Ad | C46: MiBOS-Ad-L0_IBS | D46: 1000056165 | E46: =VLOOKUP(D46,[1]자재마스터!$A:$C,3,0) -> MiBOS-Ad-L0_IBS:RO(세로형)/GSI,GSI,MiBOS-Ad-L0_IBS:RO(세로형)/GSI | F46: (주)암니스
A47: MiBOS | B47: MiBOS-Ad | C47: MiBOS-Ad-L0_IBS | D47: 1000056166 | E47: =VLOOKUP(D47,[1]자재마스터!$A:$C,3,0) -> MiBOS-Ad-L0_IBS:RO(가로형)/GSI,GSI,MiBOS-Ad-L0_IBS:RO(가로형)/GSI, | F47: (주)암니스
A48: MiBOS | B48: MiBOS-Ad | C48: MiBOS-Ad-L0_IBS | D48: 1000056175 | E48: =VLOOKUP(D48,[1]자재마스터!$A:$C,3,0) -> MiBOS-Ad-L0_IBS:RO(세로형)/(주)씨에스,CS,MiBOS-Ad-L0_IBS:RO(세로형)/(주)씨에스 | F48: (주)CS
A49: MiBOS | B49: MiBOS-Ad | C49: MiBOS-Ad-L0_IBS | D49: 1000056176 | E49: =VLOOKUP(D49,[1]자재마스터!$A:$C,3,0) -> MiBOS-Ad-L0_IBS:RO(가로형)/(주)씨에스,(주)씨에스,MiBOS-Ad-L0_IBS:RO(가로형)/(주)씨에스 | F49: (주)CS
A50: MiBOS | B50: MiBOS-Ad | C50: MiBOS-Ad-L0_Metro | D50: 1000056118 | E50: =VLOOKUP(D50,[1]자재마스터!$A:$C,3,0) -> MiBOS-Ad-L0_Metro:RO(세로형)/SKTS,SKTS,MiBOS-Ad-L0_Metro:RO(세로형)/SKTS | F50: SKTS
A51: MiBOS | B51: MiBOS-Ad | C51: MiBOS-Ad-L0_Metro | D51: 1000056119 | E51: =VLOOKUP(D51,[1]자재마스터!$A:$C,3,0) -> MiBOS-Ad-L0_Metro:RO(가로형)/SKTS,SKTS,MiBOS-Ad-L0_Metro:RO(가로형)/SKTS | F51: SKTS
A52: MiBOS | B52: MiBOS-Ad | C52: MiBOS-Ad-L0_Metro | D52: 1000056158 | E52: =VLOOKUP(D52,[1]자재마스터!$A:$C,3,0) -> MiBOS-Ad-L0_Metro:RO(세로형)/쏠리드,쏠리드,MiBOS-Ad-L0_Metro:RO(세로형)/쏠리드 | F52: (주)쏠리드
A53: MiBOS | B53: MiBOS-Ad | C53: MiBOS-Ad-L0_Metro | D53: 1000056159 | E53: =VLOOKUP(D53,[1]자재마스터!$A:$C,3,0) -> MiBOS-Ad-L0_Metro:RO(가로형)/쏠리드,쏠리드,MiBOS-Ad-L0_Metro:RO(가로형)/쏠리드 | F53: (주)쏠리드
... A75: MiBOS | B75: MiBOS-Ad | C75: RO-MIBOS-AD-L0(2.6) | D75: 1000062996 | E75: =VLOOKUP(D75,[1]자재마스터!$A:$C,3,0) -> MiBOS_ARO(2.1+2.6),암니스,MiBOS_ARO(2.1+2.6) | F75: (주)암니스
A76: MiBOS | B76: MiBOS-Ad | C76: RO-MIBOS-AD-L0(2.1) | D76: 1000060601 | E76: =VLOOKUP(D76,[1]자재마스터!$A:$C,3,0) -> MiBOS-Ad:RO_LTE2.1G Module/SKTS,SKTS,MiBOS-Ad:RO_LTE2.1G Module/SKTS
A77: MiBOS | B77: MiBOS-Ad | C77: RO-MIBOS-AD-L0(2.1) | D77: 1000060814 | E77: =VLOOKUP(D77,[1]자재마스터!$A:$C,3,0) -> MiBOS-Ad:RO_LTE2.1G Module/SKTS,SKTS,MiBOS-Ad:RO_LTE2.1G Module/SKTS
A78: MiBOS | B78: MiBOS-Ad | C78: RO-MIBOS-AD-L0(2.1) | D78: 1000061410 | E78: =VLOOKUP(D78,[1]자재마스터!$A:$C,3,0) -> MiBOS-AD-L60:RO_2.1G Module/SKTS,SKTS,MiBOS-AD-L60:RO_2.1G Module/SKTS
A79: MiBOS | B79: MiBOS-Ad | C79: RO-MIBOS-AD-L0(2.1) | D79: 1000062835 | E79: =VLOOKUP(D79,[1]자재마스터!$A:$C,3,0) -> SKT MiBOS-AD-L60:RO_2.1G Module,쏠리드,SKT MiBOS-AD-L60:RO_2.1G Module
A80: MiBOS | B80: MiBOS-CL | C80: RO-MIBOS-CL-L0 | D80: 1000053101 | E80: =VLOOKUP(D80,[1]자재마스터!$A:$C,3,0) -> MiBOS-CL-L0:RO/(주)씨에스,CS,MiBOS-CL-L0:RO(세로형)/(주)씨에스 | F80: (주)CS
A81: MiBOS | B81: MiBOS-CL | C81: RO-MIBOS-CL-L0 | D81: 1000053054 | E81: =VLOOKUP(D81,[1]자재마스터!$A:$C,3,0) -> MiBOS-CL-L0:RO/GSI,GSI,MiBOS-CL-L0:RO(세로형)/GSI | F81: (주)암니스
A82: MiBOS | B82: MiBOS-CL | C82: RO-MIBOS-CL-L0 | D82: 1000053059 | E82: =VLOOKUP(D82,[1]자재마스터!$A:$C,3,0) -> MiBOS-CL-L0:RO/SKTS,SKTS,MiBOS-CL-L0:RO(세로형)/SKTS | F82: SKTS
A83: MiBOS | B83: MiBOS-CL | C83: RO-MIBOS-CL-L0 | D83: 1000053076 | E83: =VLOOKUP(D83,[1]자재마스터!$A:$C,3,0) -> MiBOS-CL-L0:RO/쏠리드,쏠리드,MiBOS-CL-L0:RO(세로형)/쏠리드 | F83: (주)쏠리드
A84: MiBOS | B84: MiBOS-CL | C84: RO-MiBOS-CL-L60 | D84: 1000053103 | E84: =VLOOKUP(D84,[1]자재마스터!$A:$C,3,0) -> MiBOS-CL-L60:RO/(주)씨에스,CS,MiBOS-CL-L60:RO(세로형)/(주)씨에스 | F84: (주)CS
A85: MiBOS | B85: MiBOS-CL | C85: RO-MiBOS-CL-L60 | D85: 1000053155 | E85: =VLOOKUP(D85,[1]자재마스터!$A:$C,3,0) -> MiBOS,쏠리드,MiBOS-D-L0_TNL(대출력터널형):RO(MIMO) | F85: (주)쏠리드
A86: MiBOS | B86: MiBOS-CL | C86: RO-MiBOS-CL-L60 | D86: 1000053156 | E86: =VLOOKUP(D86,[1]자재마스터!$A:$C,3,0) -> MiBOS,쏠리드,MiBOS-D-L0_TNL(대출력터널형):RO(SISO) | F86: (주)쏠리드
A87: MiBOS | B87: MiBOS-CL | C87: RO-MiBOS-CL-L60 | D87: 1000052663 | E87: =VLOOKUP(D87,[1]자재마스터!$A:$C,3,0) -> MiBOS-L60(대출력 광중계기):RO,쏠리테크,MiBOS-L60(대출력 광중계기):RO | F87: (주)쏠리드
A88: MiBOS | B88: MiBOS-CL | C88: RO-MiBOS-CL-L60 | D88: 1000052708 | E88: =VLOOKUP(D88,[1]자재마스터!$A:$C,3,0) -> MiBOS-L60:RO ,CS,MiBOS-L60:RO | F88: (주)CS
A89: MiBOS | B89: MiBOS-CL | C89: RO-MiBOS-CL-L60 | D89: 1000052754 | E89: =VLOOKUP(D89,[1]자재마스터!$A:$C,3,0) -> MiBOS-L60:RO/GSI,GSI,MiBOS-L60:RO/GSI | F89: (주)암니스
A90: MiBOS | B90: MiBOS-CL | C90: RO-MiBOS-CL-L60 | D90: 1000052755 | E90: =VLOOKUP(D90,[1]자재마스터!$A:$C,3,0) -> MiBOS-L60:SHS/GSI,GSI,MiBOS-L60:SHS/GSI | F90: (주)암니스
A91: MiBOS | B91: MiBOS-CL | C91: RO-MiBOS-CL-L60 | D91: 1000053056 | E91: =VLOOKUP(D91,[1]자재마스터!$A:$C,3,0) -> MiBOS-CL-L60:RO/GSI,GSI,MiBOS-CL-L60:RO(세로형)/GSI | F91: (주)암니스
... A357: 대형정류기 | B357: CRS-1800 | C357: 정류모듈 | D357: 1000031280 | E357: =VLOOKUP(D357,[1]자재마스터!$A:$C,3,0) -> 정류기모듈,동아,27V,100A | F357: 동아
A358: 대형정류기 | B358: MBRS-1200 | C358: 정류시스템 | D358: 1000014208 | E358: =VLOOKUP(D358,[1]자재마스터!$A:$C,2,0) -> 정류시스템/동아:24V 1200A(3상) | F358: 동아
A359: 대형정류기 | B359: MBRS-1200 | C359: 제어모듈 | D359: 1000014232 | E359: =VLOOKUP(D359,[1]자재마스터!$A:$C,2,0) -> 제어모듈/동아:24V 1200A(3상) | F359: 동아
A360: 대형정류기 | B360: MBRS-1200 | C360: 정류모듈 | D360: 1000014246 | E360: =VLOOKUP(D360,[1]자재마스터!$A:$C,2,0) -> 정류모듈/동아:24V 100A(3상) | F360: 동아
A361: 대형정류기 | B361: 대형정류기 | C361: PH2 함체 RACK(1개 필요) | D361: 1000049908 | E361: =VLOOKUP(D361,[1]자재마스터!$A:$C,3,0) -> 옥외용 랙(분리형),1800mm,삼성전자,LTE eNB | F361: 삼성전자
A362: 대형정류기 | B362: 대형정류기 | C362: PH2 함체 제어반(1개 필요) | D362: 1000048115 | E362: =VLOOKUP(D362,[1]자재마스터!$A:$C,3,0) -> DU정류기(제어반),삼성전자,LTE eNB | F362: 삼성전자
A363: 대형정류기 | B363: 대형정류기 | C363: PH2 함체 정류모듈( 3개 필요) | D363: 1000048116 | E363: =VLOOKUP(D363,[1]자재마스터!$A:$C,3,0) -> DU정류기(Module),삼성전자,LTE eNB | F363: 삼성전자
A364: 대형정류기 | B364: 대형정류기 | C364: PH2 함체 RACK(1개 필요) | D364: 1000049440 | E364: =VLOOKUP(D364,[1]자재마스터!$A:$C,3,0) -> Rack Ass'y(IP NodeB 옥외),삼성전자,WCDMA IP NodeB | F364: 삼성전자
A365: 대형정류기 | B365: 대형정류기 | C365: PH2 함체 제어반(1개 필요) | D365: 1000049428 | E365: =VLOOKUP(D365,[1]자재마스터!$A:$C,3,0) -> DU 정류기 제어반,삼성전자,WCDMA IP NodeB | F365: 삼성전자
A366: 대형정류기 | B366: 대형정류기 | C366: PH2 함체 정류모듈( 3개 필요) | D366: 1000049429 | E366: =VLOOKUP(D366,[1]자재마스터!$A:$C,3,0) -> DU 정류기 module,삼성전자,WCDMA IP NodeB | F366: 삼성전자
A367: 함체 | B367: 외함체 | C367: 일체형 | D367: 1000065157 | E367: =VLOOKUP(D367,[1]자재마스터!$A:$C,3,0) -> 외함체,프런트형 축전지 일체형함체 | F367: 엠쏘
A368: 함체 | B368: 외함체 | C368: 함체 철가대 | D368: 1000065158 | E368: =VLOOKUP(D368,[1]자재마스터!$A:$C,3,0) -> 외함체,외장형 장비 설치용 함체 철가대 | F368: 엠쏘
B369: 외함체 | C369: 온도센서모듈 | D369: 1000066125 | E369: =VLOOKUP(D369,[1]자재마스터!$A:$C,3,0) -> 온도센서모듈,부가함체 FAN 제어용,온도센서,브라켓,센서케이블+On/Off스위치 포함 | F369: 엠쏘
A370: 함체 | B370: 외함체 | C370: 외함체 | D370: 1000062944 | E370: =VLOOKUP(D370,[1]자재마스터!$A:$C,3,0) -> 외함체,혼합형 2KW (열교환+DACS+DC분전반) | F370: 엠쏘
A371: 외함체 | B371: 외함체 | C371: 축전지 함체 | D371: 1000063402 | E371: =VLOOKUP(D371,[1]자재마스터!$A:$C,3,0) -> 축전지함체,4단,200Ahx8Cell,100Ahx16Cell,자연대류형 | F371: 엠쏘
A372: 함체 | B372: 외함체 | C372: 표준형 | D372: 1000018282 | E372: =VLOOKUP(D372,[1]자재마스터!$A:$C,3,0) -> 외함체,WCDMA,표준형
A373: 함체 | B373: 외함체 | C373: 확장형 | D373: 1000018283 | E373: =VLOOKUP(D373,[1]자재마스터!$A:$C,3,0) -> 외함체,WCDMA,확장형
A374: 함체 | B374: 외함체 | C374: 일체형 | D374: 1000027672 | E374: =VLOOKUP(D374,[1]자재마스터!$A:$C,3,0) -> 외함체,WCDMA,일체형
A375: 함체 | B375: 외함체 | C375: 확장형, 2Kw | D375: 1000051622 | E375: =VLOOKUP(D375,[1]자재마스터!$A:$C,3,0) -> 외함체 WCDMA 확장형(확장),2kW
A376: 함체 | B376: 외함체 | C376: 축전지 함체 | D376: 1000040753 | E376: =VLOOKUP(D376,[1]자재마스터!$A:$C,3,0) -> 외함체,4단적치(4cell)
A377: RACK | B377: 옥내용 랙 | C377: DU 랙 | D377: 1000048070 | E377: =VLOOKUP(D377,[1]자재마스터!$A:$C,3,0) -> 옥내용 랙(SCAN형),삼성전자,LTE eNB | F377: 삼성전자
A378: RACK | B378: 옥내용 랙 | C378: DU 랙 | D378: 1000059328 | E378: =VLOOKUP(D378,[1]자재마스터!$A:$C,3,0) -> 옥내 서브랙 (Shelf),삼성전자,LTE eNB | F378: 삼성전자
A379: 리튬축전지 | B379: 리튬축전지 | C379: 소형리튬축전지 | D379: 1000063373 | E379: =VLOOKUP(D379,[1]자재마스터!$A:$C,3,0) -> 리튬축전지 팩(48V 10Ah)_DUL 2.0kW정류기용,. | F379: SKME
A380: 리튬축전지 | B380: 리튬축전지 | C380: 소형리튬축전지 | D380: 1000064384 | E380: =VLOOKUP(D380,[1]자재마스터!$A:$C,3,0) -> 리튬축전지 팩(44V 7.5Ah)_IRO외장형,. | F380: SKME
A381: 리튬축전지 | B381: 리튬축전지 | C381: 소형리튬축전지 | D381: 1000065257 | E381: =VLOOKUP(D381,[1]자재마스터!$A:$C,3,0) -> 리튬축전지 팩(48V 7.5Ah)_14Plug,, | F381: 에이앤티에스
A382: 리튬축전지 | B382: 리튬축전지 | C382: 소형리튬축전지 | D382: 1000065258 | E382: =VLOOKUP(D382,[1]자재마스터!$A:$C,3,0) -> 리튬축전지 팩(48V 10Ah)_14Plug,, | F382: 에이앤티에스
A383: 리튬축전지 | B383: 리튬축전지 | C383: 소형리튬축전지 | D383: 1000065260 | E383: =VLOOKUP(D383,[1]자재마스터!$A:$C,3,0) -> 리튬축전지 팩(48V 12.5Ah)_14Plug,, | F383: SKME
A384: 리튬축전지 | B384: 리튬축전지 | C384: 소형리튬축전지 | D384: 1000065674 | E384: =VLOOKUP(D384,[1]자재마스터!$A:$C,3,0) -> 리튬축전지 팩(48V 10Ah)_14Socket,,,, | F384: 에이앤티에스
A385: 리튬축전지 | B385: 리튬축전지 | C385: 소형리튬축전지 | D385: 1000065677 | E385: =VLOOKUP(D385,[1]자재마스터!$A:$C,3,0) -> 리튬축전지 브라켓_소용량(20Ah미만),, | F385: 에이앤티에스
A386: 리튬축전지 | B386: 리튬축전지 | C386: 소형리튬축전지 | D386: 1000065692 | E386: =VLOOKUP(D386,[1]자재마스터!$A:$C,3,0) -> 리튬축전지 전원케이블(48V)_MS3106A-20-27P(gIRO, | F386: 에이앤티에스
A387: 리튬축전지 | B387: 리튬축전지 | C387: 소형리튬축전지 | D387: 1000065743 | E387: =VLOOKUP(D387,[1]자재마스터!$A:$C,3,0) -> 리튬축전지 전원케이블(48V)_MG610281(IRO), | F387: SKME
...

Sheet 5G, LTE(인빌딩, Legacy)
A1: 구분 | B1: 구분1 | C1: 자재코드 | D1: 품명 | E1: 제조사 | F1: 이월_신품 | G1: 이월_구품 | H1: 이월(재고) | I1: 신품 | J1: 구품 | K1: 재고 | L1: 전체
A2: AAU(인) | B2: AAU-3.5G(W) | C2: 1000064730 | D2: =VLOOKUP(C2,[1]자재마스터!$A:$C,3,0) -> AAU-3.5G-4T(W)/ANTS,에이앤티에스,AAU-3.5G-4T(W)/ANTS | E2: ANTS
A3: AAU(인) | B3: AAU-3.5G(W) | C3: 1000064880 | D3: =VLOOKUP(C3,[1]자재마스터!$A:$C,3,0) -> AAU-3.5G-4T(W)/SKTS,SKTS,AAU-3.5G-4T(W)/SKTS | E3: SKTS
A4: AAU(인) | B4: AAU-3.5G(C) | C4: 1000064781 | D4: =VLOOKUP(C4,[1]자재마스터!$A:$C,3,0) -> AAU-3.5G-4T(C)/ANTS,에이앤티에스,AAU-3.5G-4T(C)/ANTS | E4: ANTS
A5: AAU(인) | B5: AAU-3.5G(C) | C5: 1000064941 | D5: =VLOOKUP(C5,[1]자재마스터!$A:$C,3,0) -> AAU-3.5G-4T(C)/SKTS,SKTS,AAU-3.5G-4T(C)/SKTS | E5: SKTS
A6: AAU(인) 전원 | B6: Adaptor 대 | C6: 1000064782 | D6: =VLOOKUP(C6,[1]자재마스터!$A:$C,3,0) -> AAU용 전원 Adaptor/ANTS,에이앤티에스,AAU용 전원 Adaptor/ANTS | E6: ANTS
A7: AAU(인) 전원 | B7: Adaptor 대 | C7: 1000064942 | D7: =VLOOKUP(C7,[1]자재마스터!$A:$C,3,0) -> AAU용 전원 Adaptor/SKTS,SKTS,AAU용 전원 Adaptor/SKTS | E7: SKTS
A8: AAU(인) 전원 | B8: Adaptor 소 | C8: 1000064968 | D8: =VLOOKUP(C8,[1]자재마스터!$A:$C,3,0) -> AAU용 전원 Adaptor(소용량)/ANTS,에이앤티에스,AAU용 전원 Adaptor(소용량)/ANTS | E8: ANTS
A9: AAU(인) 전원 | B9: Adaptor 소 | C9: 1000064971 | D9: =VLOOKUP(C9,[1]자재마스터!$A:$C,3,0) -> AAU용 전원 Adaptor(소용량)/SKTS,SKTS,AAU용 전원 Adaptor(소용량)/SKTS | E9: SKTS
A10: AAU(인) 전원 | B10: Adaptor 대 | C10: 1000064947 | D10: =VLOOKUP(C10,[1]자재마스터!$A:$C,3,0) -> AAU용 전원 Adaptor/HFR,HFR,AAU용 전원 Adaptor/HFR | E10: HFR
A11: gIRO(5G) | B11: RO-GIRO-DS(0120) | C11: 1000065475 | D11: =VLOOKUP(C11,[1]자재마스터!$A:$C,3,0) -> gIRO-DS(0120):RO,(주)씨에스,gIRO-DS(0120):RO | E11: 씨에스
A12: gIRO(5G) | B12: RO-GIRO-DS(0120) | C12: 1000065468 | D12: =VLOOKUP(C12,[1]자재마스터!$A:$C,3,0) -> gIRO-DS(0120):RO/SKTS,SKTS,gIRO-DS(0120):RO/SKTS | E12: SKTS
A13: gIRO(5G) | B13: RO-GIRO-DS(01W0) | C13: 1000065890 | D13: =VLOOKUP(C13,[1]자재마스터!$A:$C,3,0) -> gIRO-DS(01W0):RO/SKTS,SKTS,gIRO-DS(01W0):RO/SKTS | E13: SKTS
... A24: gIRO(5G) | B24: RO-GIRO-T(8120) | C24: 1000065734 | D24: =VLOOKUP(C24,[1]자재마스터!$A:$C,3,0) -> gIRO-T(8120):RO/씨에스,(주)씨에스,gIRO-T(8120):RO | E24: 씨에스
B25: RO-GIRO-T(81W0) | C25: 1000066100 | D25: gIRO-T(81W0):RO/씨에스 | E25: 씨에스
A26: LHS | B26: LS-3.5G | C26: 1000064695 | D26: =VLOOKUP(C26,[1]자재마스터!$A:$C,3,0) -> LS-3.5G-100M,삼성전자,5G | E26: 삼성
A27: LHS | B27: LSH 정류기 | C27: 1000064696 | D27: =VLOOKUP(C27,[1]자재마스터!$A:$C,3,0) -> Compact정류기,Layer Splitter용 정류시스템 48V_600W | E27: 삼성
A28: L9TU | B28: L9TU | C28: 1000048112 | D28: =VLOOKUP(C28,[1]자재마스터!$A:$C,3,0) -> L9TU(단거리용),삼성전자,LTE eNB | E28: 삼성
A29: L9TU | B29: L9TU | C29: 1000056093 | D29: =VLOOKUP(C29,[1]자재마스터!$A:$C,3,0) -> L9TU 전원케이블,삼성전자,LTE eNB | E29: 삼성
A30: L9TU | B30: L9TU | C30: 1000048123 | D30: =VLOOKUP(C30,[1]자재마스터!$A:$C,3,0) -> L9TU(장거리용),삼성전자,LTE eNB | E30: 삼성
A31: 800M AMP | B31: IRO-800 AMP | C31: 1000062219 | E31: 쏠리드
A32: 800M AMP | B32: IRO-800 AMP | C32: 1000062287 | D32: =VLOOKUP(C32,[1]자재마스터!$A:$C,3,0) -> IRO:IRO_800M Amp/SKTS,SKTS,IRO:IRO_800M Amp/SKTS | E32: SKTS
A33: 800M AMP | B33: IRO-800 AMP | C33: 1000062417 | D33: =VLOOKUP(C33,[1]자재마스터!$A:$C,3,0) -> IRO,LTE800M모듈,(주)씨에스,IRO,LTE800M모듈 | E33: 씨에스
A34: 1.8G AMP | B34: IRO-1.8 AMP | C34: 1000062212 | D34: =VLOOKUP(C34,[1]자재마스터!$A:$C,3,0) -> IRO 1.8G AMP,쏠리드,IRO 1.8G AMP | E34: 쏠리드
A35: 2.1G AMP | B35: IRO-2.1 AMP | C35: 1000061406 | D35: =VLOOKUP(C35,[1]자재마스터!$A:$C,3,0) -> IRO 2.1G RFU,쏠리드,IRO 2.1G RFU | E35: 쏠리드
A36: 2.1G AMP | B36: IRO-2.1 AMP | C36: 1000061447 | D36: =VLOOKUP(C36,[1]자재마스터!$A:$C,3,0) -> IRO:IRO_2.1G Amp/SKTS,SKTS,IRO:IRO_2.1G Amp/SKTS | E36: SKTS
A37: 2.1G AMP | B37: IRO-2.1 AMP | C37: 1000061413 | D37: =VLOOKUP(C37,[1]자재마스터!$A:$C,3,0) -> IRO,LTE2.1G모듈,(주)씨에스,IRO,LTE2.1G모듈 | E37: 씨에스
A38: 2.6G AMP | B38: IRO-2.6 AMP | C38: 1000061461 | D38: =VLOOKUP(C38,[1]자재마스터!$A:$C,3,0) -> IRO:IRO_2.6G Amp/SKTS,SKTS,IRO:IRO_2.6G Amp/SKTS | E38: SKTS
A39: 2.6G AMP | B39: IRO-2.6 AMP | C39: 1000061414 | D39: =VLOOKUP(C39,[1]자재마스터!$A:$C,3,0) -> IRO,LTE2.6G모듈,(주)씨에스,IRO,LTE2.6G모듈 | E39: 씨에스
A40: 2.6G AMP | B40: IRO-2.6 AMP | C40: 1000061434 | D40: =VLOOKUP(C40,[1]자재마스터!$A:$C,3,0) -> IRO-2.6G LTE-AMP,암니스,IRO-2.6G LTE-AMP | E40: 암니스
A41: 2.6G AMP | B41: IRO-2.6 AMP | C41: 1000061407 | D41: =VLOOKUP(C41,[1]자재마스터!$A:$C,3,0) -> IRO 2.6G RFU,쏠리드,IRO 2.6G RFU | E41: 쏠리드
A42: IRO-M | B42: RO-IRO-S(0100) | C42: 1000065327 | D42: =VLOOKUP(C42,[1]자재마스터!$A:$C,3,0) -> IRO-S(0100):RO,(주)씨에스,IRO-S(0100):RO | E42: 씨에스
A43: IRO-M | B43: RO-IRO-S(0100) | C43: 1000065325 | D43: =VLOOKUP(C43,[1]자재마스터!$A:$C,3,0) -> IRO-S(0100):RO,쏠리드,IRO-S(0100):RO | E43: 쏠리드
... A97: SMHS | B97: SMHS_PSU | C97: 1000062134 | D97: =VLOOKUP(C97,[1]자재마스터!$A:$C,3,0) -> SMHS-PSU Unit ,쏠리드,PSU Unit | E97: 쏠리드
A98: LORA | B98: LoRa 안테나 | C98: 1000059290 | D98: =VLOOKUP(C98,[1]자재마스터!$A:$C,3,0) -> 기지국용 안테나,0.9-LoRa OmPole-3-360/60-T0(LoRa)
A99: LORA | B99: LoRa Gateway | C99: 1000059480 | D99: =VLOOKUP(C99,[1]자재마스터!$A:$C,3,0) -> IOT 기지국(LoRa Gateway),SK텔레시스,SIG-LO090 | E99: SKTS
A100: LORA | B100: LoRa Indoor | C100: 1000060993 | D100: =VLOOKUP(C100,[1]자재마스터!$A:$C,3,0) -> LoRa 900M Indoor 기지국,콘텔라,저전력 IoT 기지국 | E100: 콘텔라
A101: LORA | B101: LoRa Gateway | C101: 1000059441 | D101: =VLOOKUP(C101,[1]자재마스터!$A:$C,3,0) -> LoRa 900M Gateway,콘텔라,저전력 IoT 기지국 | E101: 콘텔라
A102: LORA | B102: LoRa Revision | C102: 1000064603 | D102: =VLOOKUP(C102,[1]자재마스터!$A:$C,3,0) -> LoRa 900M Indoor 기지국(Revision),콘텔라,저전력 IoT 기지국 | E102: 콘텔라
A103: LORA | B103: LoRa Gateway | C103: 1000059451 | D103: =VLOOKUP(C103,[1]자재마스터!$A:$C,3,0) -> LoRa IoT 기지국,삼성전자,LoRa | E103: 삼성
A104: LORA | B104: LoRa Indoor | C104: 1000060989 | D104: =VLOOKUP(C104,[1]자재마스터!$A:$C,3,0) -> IOT 옥내형 기지국(LoRa Gateway),SK텔레시스,SIG-LI092 | E104: SKTS
A105: LORA | B105: LoRa Outdoor | C105: 1000056253 | D105: =VLOOKUP(C105,[1]자재마스터!$A:$C,3,0) -> LTE 광대역 1.8G Outdoor Femto ,콘텔라,광대역 1.8G FEMTO-LO | E105: 콘텔라
A106: LORA | B106: LoRa Outdoor | C106: 1000053626 | D106: =VLOOKUP(C106,[1]자재마스터!$A:$C,3,0) -> LTE Outdoor Femtocell,콘텔라,FEMTO-LO(밧데리 포함) | E106: 콘텔라

Sheet QMHS, IMHS, AMHS
A1: 구분 | B1: 자재코드 | C1: 품명 | D1: 제조사 | E1: 이월_신품 | F1: 이월_구품 | G1: 이월(재고) | H1: 신품 | I1: 구품 | J1: 재고 | K1: 전체
A2: QMHS | B2: 1000052089 | C2: MiBOS-T-L0_IBS:MHS/쏠리드,쏠리드,MiBOS-T-L0_IBS:MHS/쏠리드 | D2: 쏠리드
A3: QMHS | B3: 1000052094 | C3: MiBOS-T-L60_IBS:MHS/쏠리드,쏠리드,MiBOS-T-L60_IBS:MHS/쏠리드 | D3: 쏠리드
A4: QMHS | B4: 1000052112 | C4: MiBOS-D-L60:MHS/쏠리드,쏠리드,MiBOS-D-L60:MHS/쏠리드 | D4: 쏠리드
A5: QMHS | B5: 1000052117 | C5: MiBOS-T-L0:MHS/쏠리드,쏠리드,MiBOS-T-L0:MHS/쏠리드 | D5: 쏠리드
A6: QMHS | B6: 1000052122 | C6: MiBOS-T-L60:MHS/쏠리드,쏠리드,MiBOS-T-L60:MHS/쏠리드 | D6: 쏠리드
A7: QMHS | B7: 1000052127 | C7: MiBOS-Q-L60:MHS/쏠리드,쏠리드,MiBOS-Q-L60:MHS/쏠리드 | D7: 쏠리드
A8: QMHS | B8: 1000052173 | C8: MiBOS-T-L0_IBS:MHS/GSI,GSI,MiBOS-T-L0_IBS:MHS/GSI | D8: GSI
A9: QMHS | B9: 1000052178 | C9: MiBOS-T-L60_IBS:MHS/GSI,GSI,MiBOS-T-L60_IBS:MHS/GSI | D9: GSI
A10: QMHS | B10: 1000052201 | C10: MiBOS-T-L0:MHS/GSI,GSI,MiBOS-T-L0:MHS/GSI | D10: GSI
A11: QMHS | B11: 1000052206 | C11: MiBOS-T-L60:MHS/GSI,GSI,MiBOS-T-L60:MHS/GSI | D11: GSI
A12: QMHS | B12: 1000052211 | C12: MiBOS-Q-L60:MHS/GSI,GSI,MiBOS-Q-L60:MHS/GSI | D12: GSI
A13: QMHS | B13: 1000052257 | C13: MiBOS-T-L0_IBS:MHS/SKTS,SKTS,MiBOS-T-L0_IBS:MHS/SKTS | D13: SKTS
... A72: AMHS | B72: 1000063105 | C72: MiBOS-AD-L60:RO(가로)쏠리드MiBOS-AD-L | D72: (주)쏠리드

Sheet SFP, MUX, OCM
A1: 대분류 | B1: 중분류 | C1: 자재코드 | D1: 자재명 | E1: 이월_신품 | F1: 이월_구품 | G1: 이월(재고) | H1: 신품 | I1: 구품 | J1: 재고 | K1: 전체
A2: Bypass | B2: SMUX-Bypass | C2: 1000064457 | D2: SMUX-Bypass,5G-PON
A3: S-MUX | B3: SMUX-C | C3: 1000064447 | D3: SMUX-C_New,SMUX COT 1290nm(필터형)
A4: S-MUX | B4: SMUX-R | C4: 1000064448 | D4: SMUX-R_New,SMUX RN 1290nm(필터형)
A5: S-MUX | B5: SMUX EN | C5: 1000065374 | D5: SMUX EN,썬웨이브텍,1290nm
A6: C-MUX | B6: C-MUX 셀프 | C6: 1000063357 | D6: 5G PON SMUX_SMDS,썬웨이브텍,Passive Shelf - 1U / 4Slot MUX Shelf
A7: C-MUX | B7: C-MUX 기본형_C | C7: 1000065560 | D7: CMUX-C,썬웨이브텍,CMUX COT 1290nm_Ch1-4
A8: C-MUX | B8: C-MUX 기본형_R | C8: 1000065582 | D8: CMUX-R,썬웨이브텍,CMUX RN 1290nm_Ch1-4
A9: C-MUX | B9: C-MUX 확장형_C | C9: 1000065581 | D9: CMUX-C(확장),썬웨이브텍,CMUX COT 1290nm_Ch5-8
A10: C-MUX | B10: C-MUX 확장형_R | C10: 1000065583 | D10: CMUX-R(확장),썬웨이브텍,CMUX RN 1290nm_Ch5-8
A11: C-MUX | B11: CMUX-Ring모듈 | C11: 1000065399 | D11: CMUX-Ring모듈,썬웨이브텍,Ring용 모듈
A12: C-MUX | B12: C-MUX 셀프 | C12: 1000063353 | D12: IPS-1U_MUX,쏠리드,5G-PON
A13: C-MUX | B13: C-MUX 기본형_C | C13: 1000065364 | D13: C-MUX CO1,쏠리드,5G-PON
... A338: SFP | B338: 강원 LTE 용 | C338: 1000065885 | D338: HSFP 1590nm 3G DUL,NSN,HSFP 1590nm 3G DUL

Sheet 부대물자
A1: 분류 | B1: 자재코드 | C1: 품명 | D1: 이월_신품 | E1: 이월_구품 | F1: 이월(재고) | G1: 신품 | H1: 구품 | I1: 재고 | J1: 전체
A2: 분배기 | B2: 1000063350 | C2: 5G 분배기,5G단독 2MD-500W U 1:1
A3: 분배기 | B3: 1000063349 | C3: 5G 분배기,5G단독 3MD-500W T 1:1:1
A4: 분배기 | B4: 1000063348 | C4: 5G 분배기,5G단독 2MD-500W T 1:1
A5: 분배기 | B5: 1000063340 | C5: 5G 분배기,(인빌딩) 5G 2N-150W(1:1)
A6: 분배기 | B6: 1000063339 | C6: 5G 분배기,5G단독 3MD-500W F 1:1:1
A7: 분배기 | B7: 1000063338 | C7: 5G 분배기,5G단독 3MD-500W U 1:1:1
A8: 분배기 | B8: 1000062904 | C8: 기지국분배기,3Way분배기_DIN_균등(111)_F
A9: 분배기 | B9: 1000040964 | C9: 기지국분배기 : BBPD-2DIN-300-U
A10: 분배기 | B10: 1000040963 | C10: 기지국분배기 : BBPD-2DIN-73-300-U
A11: 분배기 | B11: 1000040962 | C11: 기지국분배기 : BBPD-3DIN-300-U
A12: 분배기 | B12: 1000040961 | C12: 기지국분배기 : BBPD-3DIN-211-300-U
A13: 분배기 | B13: 1000040950 | C13: 기지국분배기 : BBPD-4DIN-300-U
... A84: 분배기 | B84: 1000063391 | C84: 5G 분배기,(인빌딩) 5G 2N-150W(7:3)

Sheet 안테나
A1: 자재코드 | B1: 품명 | C1: 이월_신품 | D1: 이월_구품 | E1: 이월(재고) | F1: 신품 | G1: 구품 | H1: 재고 | I1: 전체
A2: 1000026275 | B2: 기지국용안테나,2G-3G,C/W/VP-13/16-65/60-15/7-T0-DIPLEXER
A3: 1000037799 | B3: C/W/Wi/VP-5/9-125/70-60/30-T0-Cir-1Port,기지국안테나
A4: 1000048423 | B4: 중계기용안테나,GPS-TNC,GPS ANT
A5: 1000051270 | B5: 기지국안테나,L/L-A/W/XP-14/15-65/63-15/10-TA-15/10
A6: 1000051312 | B6: 기지국안테나,L/L-A/W/XP-12/14-65/63-20/13-TA-15/10
A7: 1000051542 | B7: 기지국용안테나,L-A/W/XP-17-65/7-T0
A8: 1000051545 | B8: 기지국용안테나,L-A/W/XP-15-65/13-T0
A9: 1000051546 | B9: 기지국용안테나,L-A/W/XP-17-65/7-TA-10
A10: 1000051547 | B10: 기지국용안테나,L-A/W/XP-15-65/13-TA-15
A11: 1000052740 | B11: 기지국안테나,L-A/W/XP-19-33/7-T0
A12: 1000052743 | B12: L/L-A/W/XP-5/8-100/65-75/60-T0-Circle-2Port-Diplexer
A13: 1000053152 | B13: 기지국안테나,MULTI-VENDOR,L/L-A/W/XP-12/14-65/63-20/13-TA-15/10-Diplexer
... A95: 1000066615 | B95: 0.8/1.8/2.1/2.6/3.5/Omni-2/2/3/3-360-40/20/20/10-Flat
